<application>
  <component name="FileTypeManager" version="19">
    <extensionMap>
      <mapping pattern="atlas" type="AUTO_DETECTED" />
      <mapping pattern="dependency-tree" type="PLAIN_TEXT" />
      <mapping ext="bak" type="PLAIN_TEXT" />
      <mapping ext="rego" type="PLAIN_TEXT" />
      <mapping ext="scratchpad" type="PLAIN_TEXT" />
      <removed_mapping ext="apk" approved="true" type="ARCHIVE" />
      <removed_mapping ext="pdf" approved="true" type="Native" />
      <removed_mapping ext="psd" approved="true" type="Image" />
      <mapping ext="env" type="Env File" />
      <mapping ext="plantuml" type="PlantUML file" />
      <mapping pattern=".env.*" type="Env File" />
    </extensionMap>
  </component>
</application>