<application>
  <component name="Trusted.Paths">
    <option name="TRUSTED_PROJECT_PATHS">
      <map>
        <entry key="$USER_HOME$/ccb/funding-dda-service" value="true" />
        <entry key="$USER_HOME$/development/git-repos/basic-java/basicjava" value="true" />
        <entry key="$USER_HOME$/development/git-repos/conductor-oss/conductor" value="true" />
        <entry key="$USER_HOME$/development/git-repos/examples/prometheus" value="true" />
        <entry key="$USER_HOME$/development/git-repos/feign" value="true" />
        <entry key="$USER_HOME$/development/git-repos/java-magazine/date-time/ZonedDT-in-distributed-system" value="true" />
        <entry key="$USER_HOME$/development/git-repos/jpmc/funding-service" value="true" />
        <entry key="$USER_HOME$/development/git-repos/kafka/kafka-ui" value="true" />
        <entry key="$USER_HOME$/development/git-repos/ml/llm/spring-ai-local-llm" value="true" />
        <entry key="$USER_HOME$/development/git-repos/netflix/maestro" value="true" />
        <entry key="$USER_HOME$/development/git-repos/netflix/spectator" value="true" />
        <entry key="$USER_HOME$/development/git-repos/resilience4j/resilience4j-spring-boot3-demo" value="true" />
        <entry key="$USER_HOME$/development/git-repos/spring/spring-framework" value="true" />
        <entry key="$USER_HOME$/development/git-repos/spring/spring-integration" value="true" />
        <entry key="$USER_HOME$/development/git-repos/spring/spring-integration-samples" value="true" />
        <entry key="$USER_HOME$/development/git-repos/spring/spring-kafka" value="true" />
        <entry key="$USER_HOME$/development/git-repos/temporal/cli" value="true" />
        <entry key="$USER_HOME$/development/intellij-projects/playground" value="true" />
        <entry key="$USER_HOME$/development/intellij-projects/playground/playground-java" value="true" />
        <entry key="$USER_HOME$/development/jpmc/photonplayground" value="true" />
        <entry key="$USER_HOME$/jpmc/BANKWALLETSERVICES/lifecycle-processor" value="true" />
        <entry key="$USER_HOME$/jpmc/CCSESSMWEPAY/paychase-card-payments" value="true" />
        <entry key="$USER_HOME$/jpmc/DECODPE/privacy-data-extractor-file-processor" value="true" />
        <entry key="$USER_HOME$/jpmc/PAYINFOUR/payinfour-account" value="true" />
        <entry key="$USER_HOME$/jpmc/SAFEPAYPCISVCS/card-funding-service" value="true" />
        <entry key="$USER_HOME$/jpmc/SAFEPAYPCISVCS/card-token-service" value="true" />
        <entry key="$USER_HOME$/jpmc/SAFEPAYPCISVCS/card-token-service-liquibase-database" value="true" />
        <entry key="$USER_HOME$/jpmc/SAFEPAYPCISVCS/commerce-wallet-schema-registry" value="true" />
        <entry key="$USER_HOME$/jpmc/SAFEPAYPCISVCS/safepay-pci-card-mock-services" value="true" />
        <entry key="$USER_HOME$/jpmc/SAFEPAYPCISVCS/safepay-pci-card-mock-services/service" value="true" />
        <entry key="$USER_HOME$/jpmc/SAFEPAYPCISVCS/terraform/safepay-pci-services-infra-eac" value="true" />
        <entry key="$USER_HOME$/jpmc/SAFEPAYPCISVCS/terraform/safepay-pci-services-terraform-connect" value="true" />
        <entry key="$USER_HOME$/jpmc/SAFEPAYPCISVCS/terraform/safepay-pci-services-terraform-data" value="true" />
        <entry key="$USER_HOME$/jpmc/SAFEPAYPCISVCS/wallet/commerce-token-management-service" value="true" />
        <entry key="$USER_HOME$/jpmc/SAFEPAYPCISVCS/wallet/commerce-wallet-common-lib" value="true" />
        <entry key="$USER_HOME$/jpmc/SAFEPAYPCISVCS/wallet/commerce-wallet-management-service" value="true" />
        <entry key="$USER_HOME$/jpmc/SAFEPAYPCISVCS/wallet/commerce-wallet-service" value="true" />
        <entry key="$USER_HOME$/jpmc/SAFEPAYPCISVCS/wallet/commerce-wallet-service-liquibase-database" value="true" />
        <entry key="$USER_HOME$/jpmc/atlas/ATLASTERRAFORM/module-ecs-application" value="true" />
        <entry key="$USER_HOME$/jpmc/atlas/training/day2/ecs-training-r743988" value="true" />
        <entry key="$USER_HOME$/jpmc/ccb/BANKWALLETSERVICES/aggregator-svc" value="true" />
        <entry key="$USER_HOME$/jpmc/ccb/SAFEPAYWLLTMGR/safepay-datalake-service" value="true" />
        <entry key="$USER_HOME$/jpmc/ccb/SAFEPAYWLLTMGR/wallet-service" value="true" />
        <entry key="$USER_HOME$/jpmc/ccb/card-funding-service" value="true" />
        <entry key="$USER_HOME$/jpmc/ccb/databases/databases" value="true" />
        <entry key="$USER_HOME$/jpmc/ccb/funding-async-mock-publisher" value="true" />
        <entry key="$USER_HOME$/jpmc/ccb/funding-auth-service" value="true" />
        <entry key="$USER_HOME$/jpmc/ccb/funding-auth-service-terraform" value="true" />
        <entry key="$USER_HOME$/jpmc/ccb/funding-cards-service" value="true" />
        <entry key="$USER_HOME$/jpmc/ccb/funding-connect" value="true" />
        <entry key="$USER_HOME$/jpmc/ccb/funding-dda-client" value="true" />
        <entry key="$USER_HOME$/jpmc/ccb/funding-dda-service" value="true" />
        <entry key="$USER_HOME$/jpmc/ccb/funding-dda-terraform" value="true" />
        <entry key="$USER_HOME$/jpmc/ccb/funding-event-processor" value="true" />
        <entry key="$USER_HOME$/jpmc/ccb/funding-experience-service" value="true" />
        <entry key="$USER_HOME$/jpmc/ccb/funding-rewards-service" value="true" />
        <entry key="$USER_HOME$/jpmc/ccb/funding-service" value="true" />
        <entry key="$USER_HOME$/jpmc/ccb/funding-service-liquibase-database" value="true" />
        <entry key="$USER_HOME$/jpmc/ccb/funding-service-terraform" value="true" />
        <entry key="$USER_HOME$/jpmc/ccb/funding-services-terraform-connect" value="true" />
        <entry key="$USER_HOME$/jpmc/ccb/funding-services-terraform-ec2-ebs" value="true" />
        <entry key="$USER_HOME$/jpmc/ccb/funding-services-terraform-roles" value="true" />
        <entry key="$USER_HOME$/jpmc/ccb/postgresql" value="true" />
        <entry key="$USER_HOME$/jpmc/ccb/safepay-demo/demo/demo" value="true" />
        <entry key="$USER_HOME$/jpmc/ccb/safepay-funding-mock-services" value="true" />
        <entry key="$USER_HOME$/jpmc/ccb/safepay-retry-processor" value="true" />
        <entry key="$USER_HOME$/jpmc/ccb/safepay-schema-registry" value="true" />
        <entry key="$USER_HOME$/jpmc/ccb/safepay-services-terraform-ec2" value="true" />
        <entry key="$USER_HOME$/jpmc/ccb/safepay-services-terraform-ecs" value="true" />
        <entry key="$USER_HOME$/jpmc/ccb/safepay-services-terraform-resources" value="true" />
        <entry key="$USER_HOME$/jpmc/ccb/safepay-services-terraform-route53" value="true" />
        <entry key="$USER_HOME$/jpmc/ccb/wallet-service" value="true" />
        <entry key="$USER_HOME$/jpmc/moneta/moneta-boot" value="true" />
        <entry key="$USER_HOME$/jpmc/photon/photon-core-sre" value="true" />
        <entry key="$USER_HOME$/jpmc/photon/photon-demo-applications/photon-saf-demo-2024-01-18" value="true" />
        <entry key="$USER_HOME$/jpmc/photon/photon-framework" value="true" />
        <entry key="$USER_HOME$/jpmc/photon/photon-framework-examples/photon-examples" value="true" />
        <entry key="$USER_HOME$/jpmc/photon/photon-kafka" value="true" />
        <entry key="$USER_HOME$/jpmc/photon/photon-tools" value="true" />
        <entry key="$USER_HOME$/jpmc/photon/photonplayground" value="true" />
        <entry key="$USER_HOME$/jpmc/photon/tech-primers/photon-adfs-client" value="true" />
        <entry key="$USER_HOME$/jpmc/photon/tech-primers/photon-store-and-forward" value="true" />
        <entry key="$USER_HOME$/jpmc/playground/photon-gks-template" value="true" />
      </map>
    </option>
  </component>
  <component name="Trusted.Paths.Settings">
    <option name="TRUSTED_PATHS">
      <list>
        <option value="$USER_HOME$/ccb" />
        <option value="$USER_HOME$/jpmc/ccb" />
        <option value="$USER_HOME$/development/jpmc" />
        <option value="$USER_HOME$/jpmc/photon" />
        <option value="$USER_HOME$/jpmc/moneta" />
        <option value="$USER_HOME$/development/git-repos/temporal" />
        <option value="$USER_HOME$/development/git-repos/java-magazine/date-time" />
        <option value="$USER_HOME$/jpmc/SAFEPAYPCISVCS" />
        <option value="$USER_HOME$/development/git-repos/jpmc" />
        <option value="$USER_HOME$/development/git-repos/resilience4j" />
        <option value="$USER_HOME$/jpmc/atlas/training/day2" />
        <option value="$USER_HOME$/development/git-repos" />
        <option value="$USER_HOME$/jpmc/atlas/ATLASTERRAFORM" />
        <option value="$USER_HOME$/jpmc/playground" />
        <option value="$USER_HOME$/jpmc/PAYINFOUR" />
        <option value="$USER_HOME$/jpmc/CCSESSMWEPAY" />
        <option value="$USER_HOME$/jpmc/BANKWALLETSERVICES" />
        <option value="$USER_HOME$/jpmc/DECODPE" />
      </list>
    </option>
  </component>
</application>