<application>
  <component name="UpdatesConfigurable">
    <option name="LAST_BUILD_CHECKED" value="IU-242.23339.11" />
    <option name="LAST_TIME_CHECKED" value="1749765808403" />
    <option name="OBSOLETE_CUSTOM_REPOSITORIES_CLEAN_NEEDED" value="false" />
    <pluginHosts>
      <item value="https://codeium.dev.aws.jpmchase.net/api/jetbrains_update_plugins" />
      <item value="https://codeium.prod.aws.jpmchase.net/api/jetbrains_update_plugins" />
    </pluginHosts>
    <option name="THIRD_PARTY_PLUGINS_ALLOWED" value="true" />
    <option name="WHATS_NEW_SHOWN_FOR" value="223" />
  </component>
</application>